project	run	cb_halstead_simple	cb_halstead_simple_effort	cb_halstead_simple_difficulty	cb_halstead_simple_volume	cb_halstead_simple_vocabulary	cb_halstead_simple_length	cb_halstead_simple_div	cb_halstead_simple_effort_div	cb_halstead_simple_difficulty_div	cb_halstead_simple_volume_div	cb_halstead_simple_vocabulary_div	cb_halstead_simple_length_div	cb_halstead_simple_bt	cb_halstead_simple_effort_bt	cb_halstead_simple_difficulty_bt	cb_halstead_simple_volume_bt	cb_halstead_simple_vocabulary_bt	cb_halstead_simple_length_bt	cb_halstead_inherit	cb_halstead_inherit_effort	cb_halstead_inherit_difficulty	cb_halstead_inherit_volume	cb_halstead_inherit_vocabulary	cb_halstead_inherit_length	cb_halstead_inherit_div	cb_halstead_inherit_effort_div	cb_halstead_inherit_difficulty_div	cb_halstead_inherit_volume_div	cb_halstead_inherit_vocabulary_div	cb_halstead_inherit_length_div	cb_halstead_inherit_bt	cb_halstead_inherit_effort_bt	cb_halstead_inherit_difficulty_bt	cb_halstead_inherit_volume_bt	cb_halstead_inherit_vocabulary_bt	cb_halstead_inherit_length_bt
hadoop-common	0	0.9385774667935614	0.9312581943335662	0.9383840907492675	0.9281214564776471	0.9354935662181599	0.9264918581842057	0.998135973161566	0.9917727217896882	0.9992658323900143	0.997951410107406	0.9990955908814129	0.998135973161566	0.9605554326680664	0.9612691374541287	0.9626758699199417	0.9605554326680665	0.9611543795141206	0.9605554326680664	0.9163418888747311	0.90929100907861	0.9070194248303958	0.8960297197499297	0.8462247734222803	0.9086128854521442	0.9964732686432554	0.9744387640989512	0.9911905105798104	0.9962165814824558	0.9933247208978491	0.9964732686432554	0.9276293413977686	0.9384256089432821	0.9386640849026996	0.9276293413977686	0.9286053432309529	0.9276293413977686
hadoop-common	1	0.9482163414504946	0.9195546115429644	0.9412477281625921	0.9117283267579068	0.9505692692432958	0.9254775680847134	0.998135973161566	0.9917727217896882	0.9992658323900143	0.997951410107406	0.9990955908814129	0.998135973161566	0.9605554326680664	0.9612691374541287	0.9626758699199417	0.9605554326680665	0.9611543795141206	0.9605554326680664	0.916388413279488	0.9124322858054651	0.9166534087764563	0.8995147650417824	0.9213603227330851	0.8864607288771457	0.9964732686432554	0.9744387640989512	0.9911905105798104	0.9962165814824558	0.9933247208978491	0.9964732686432554	0.9276293413977686	0.9384256089432821	0.9386640849026996	0.9276293413977686	0.9286053432309529	0.9276293413977686
hadoop-common	2	0.9275614860192329	0.9516319638831074	0.9278788729044138	0.9256756544669501	0.941419127482089	0.9099761627787349	0.998135973161566	0.9917727217896882	0.9992658323900143	0.997951410107406	0.9990955908814129	0.998135973161566	0.9605554326680664	0.9612691374541287	0.9626758699199417	0.9605554326680665	0.9611543795141206	0.9605554326680664	0.8735744915502759	0.9165326595760122	0.9188070130217296	0.8889266957204314	0.9093539842056692	0.8803008397840154	0.9964732686432554	0.9744387640989512	0.9911905105798104	0.9962165814824558	0.9933247208978491	0.9964732686432554	0.9276293413977686	0.9384256089432821	0.9386640849026996	0.9276293413977686	0.9286053432309529	0.9276293413977686
hadoop-common	3	0.9153875369588605	0.9207459363353173	0.9433954731931427	0.958735222032828	0.9190573890172223	0.9395517083457416	0.998135973161566	0.9917727217896882	0.9992658323900143	0.997951410107406	0.9990955908814129	0.998135973161566	0.9605554326680664	0.9612691374541287	0.9626758699199417	0.9605554326680665	0.9611543795141206	0.9605554326680664	0.8839275748871847	0.9054942671962899	0.9070324476217011	0.9068399196529371	0.887993371816119	0.8830015447095536	0.9964732686432554	0.9744387640989512	0.9911905105798104	0.9962165814824558	0.9933247208978491	0.9964732686432554	0.9276293413977686	0.9384256089432821	0.9386640849026996	0.9276293413977686	0.9286053432309529	0.9276293413977686
hadoop-common	4	0.9496191669710785	0.92368444624341	0.9384430245252745	0.9597460871299085	0.8966117304783499	0.9284388505960622	0.998135973161566	0.9917727217896882	0.9992658323900143	0.997951410107406	0.9990955908814129	0.998135973161566	0.9605554326680664	0.9612691374541287	0.9626758699199417	0.9605554326680665	0.9611543795141206	0.9605554326680664	0.8942758099441411	0.8870928264774126	0.9029117565709396	0.9068844442051969	0.9052574454995723	0.9176678542754494	0.9964732686432554	0.9744387640989512	0.9911905105798104	0.9962165814824558	0.9933247208978491	0.9964732686432554	0.9276293413977686	0.9384256089432821	0.9386640849026996	0.9276293413977686	0.9286053432309529	0.9276293413977686
hadoop-common	5	0.950483804512263	0.8746915108604698	0.9288735640176295	0.9150623577023558	0.9307201259132095	0.9377391036544604	0.998135973161566	0.9917727217896882	0.9992658323900143	0.997951410107406	0.9990955908814129	0.998135973161566	0.9605554326680664	0.9612691374541287	0.9626758699199417	0.9605554326680665	0.9611543795141206	0.9605554326680664	0.8843150458654347	0.9338635146919253	0.9144332125730461	0.8964148817009538	0.9158293484541973	0.8882960234550972	0.9964732686432554	0.9744387640989512	0.9911905105798104	0.9962165814824558	0.9933247208978491	0.9964732686432554	0.9276293413977686	0.9384256089432821	0.9386640849026996	0.9276293413977686	0.9286053432309529	0.9276293413977686
hadoop-common	6	0.9290413733421442	0.9311023617516011	0.9387369213646124	0.9313441532133905	0.936416493747896	0.9164113226461138	0.998135973161566	0.9917727217896882	0.9992658323900143	0.997951410107406	0.9990955908814129	0.998135973161566	0.9605554326680664	0.9612691374541287	0.9626758699199417	0.9605554326680665	0.9611543795141206	0.9605554326680664	0.8961197071713008	0.9193141985973028	0.9025711502862377	0.8856567928625757	0.9068360660356616	0.8721410438392302	0.9964732686432554	0.9744387640989512	0.9911905105798104	0.9962165814824558	0.9933247208978491	0.9964732686432554	0.9276293413977686	0.9384256089432821	0.9386640849026996	0.9276293413977686	0.9286053432309529	0.9276293413977686
hadoop-common	7	0.9360210115247348	0.9474651324973806	0.9315290491332833	0.9395316455763794	0.9098953356400121	0.919696062183911	0.998135973161566	0.9917727217896882	0.9992658323900143	0.997951410107406	0.9990955908814129	0.998135973161566	0.9605554326680664	0.9612691374541287	0.9626758699199417	0.9605554326680665	0.9611543795141206	0.9605554326680664	0.8597657591888457	0.8963741229288341	0.8835517441614416	0.8939036451983761	0.8935977237489555	0.8960235583798454	0.9964732686432554	0.9744387640989512	0.9911905105798104	0.9962165814824558	0.9933247208978491	0.9964732686432554	0.9276293413977686	0.9384256089432821	0.9386640849026996	0.9276293413977686	0.9286053432309529	0.9276293413977686
hadoop-common	8	0.9053527840652369	0.9046316428731872	0.9289690646003005	0.9241801941506378	0.9472328776346682	0.9181991926702108	0.998135973161566	0.9917727217896882	0.9992658323900143	0.997951410107406	0.9990955908814129	0.998135973161566	0.9605554326680664	0.9612691374541287	0.9626758699199417	0.9605554326680665	0.9611543795141206	0.9605554326680664	0.9056080443006923	0.9189000971119841	0.9193295331109922	0.8498061424996565	0.8906990108983215	0.9080890406423265	0.9964732686432554	0.9744387640989512	0.9911905105798104	0.9962165814824558	0.9933247208978491	0.9964732686432554	0.9276293413977686	0.9384256089432821	0.9386640849026996	0.9276293413977686	0.9286053432309529	0.9276293413977686
hadoop-common	9	0.9273826171086297	0.9285041300541174	0.9275388866667262	0.9358980202120429	0.9607385344204465	0.9388094056827824	0.998135973161566	0.9917727217896882	0.9992658323900143	0.997951410107406	0.9990955908814129	0.998135973161566	0.9605554326680664	0.9612691374541287	0.9626758699199417	0.9605554326680665	0.9611543795141206	0.9605554326680664	0.8994689313650492	0.9180346308369969	0.8981783375804211	0.8989130653846549	0.872422207771585	0.8917800890277727	0.9964732686432554	0.9744387640989512	0.9911905105798104	0.9962165814824558	0.9933247208978491	0.9964732686432554	0.9276293413977686	0.9384256089432821	0.9386640849026996	0.9276293413977686	0.9286053432309529	0.9276293413977686
hadoop-hdfs	0	0.5587134874734024	0.5407015727389708	0.4401769807222185	0.5619569741445819	0.5758386740401917	0.5580206215777956	0.8918620973385798	0.5853930606808275	0.5762181919358025	0.8609193034232974	0.6193344145257893	0.8918620973385798	0.5606420056392792	0.5425235869628704	0.44228596485860705	0.563542816090292	0.5769874131689937	0.5606420056392792	0.5308007751915537	0.5117380013889197	0.3784688419425572	0.5335345150726543	0.5467208491032839	0.5305056164445652	0.8818623296988779	0.5585306067572835	0.5499987938159778	0.8492002613593547	0.5931739653276353	0.8818623296988779	0.5322233619740528	0.5132155535870435	0.38127222645327	0.5355179812209201	0.5490319626614377	0.5322233619740528
hadoop-hdfs	1	0.5585655445933042	0.5412152256194509	0.4399898243210078	0.5620891546892349	0.5753918245224497	0.5589226926971129	0.8918620973385798	0.5853930606808275	0.5762181919358025	0.8609193034232974	0.6193344145257893	0.8918620973385798	0.5606420056392792	0.5425235869628704	0.44228596485860705	0.563542816090292	0.5769874131689937	0.5606420056392792	0.5304040043827151	0.5113707841533273	0.379929923855239	0.5340016793755145	0.5470253225343099	0.5304419463448277	0.8818623296988779	0.5585306067572835	0.5499987938159778	0.8492002613593547	0.5931739653276353	0.8818623296988779	0.5322233619740528	0.5132155535870435	0.38127222645327	0.5355179812209201	0.5490319626614377	0.5322233619740528
hadoop-hdfs	2	0.5588333971921648	0.5403193026361617	0.4396338976725884	0.5615208872359984	0.5743761977864853	0.5594660792683015	0.8918620973385798	0.5853930606808275	0.5762181919358025	0.8609193034232974	0.6193344145257893	0.8918620973385798	0.5606420056392792	0.5425235869628704	0.44228596485860705	0.563542816090292	0.5769874131689937	0.5606420056392792	0.5310145080926234	0.5117086594199478	0.3790027350151065	0.5337721326285658	0.5472965142190556	0.5302442843153656	0.8818623296988779	0.5585306067572835	0.5499987938159778	0.8492002613593547	0.5931739653276353	0.8818623296988779	0.5322233619740528	0.5132155535870435	0.38127222645327	0.5355179812209201	0.5490319626614377	0.5322233619740528
hadoop-hdfs	3	0.5576942698712001	0.5409950171226704	0.4407234072283414	0.5614766043643922	0.5755585404061546	0.5590681019068487	0.8918620973385798	0.5853930606808275	0.5762181919358025	0.8609193034232974	0.6193344145257893	0.8918620973385798	0.5606420056392792	0.5425235869628704	0.44228596485860705	0.563542816090292	0.5769874131689937	0.5606420056392792	0.5301062798466274	0.5118314454518772	0.37907724701568074	0.5337858355887757	0.547067375513051	0.5305878127560063	0.8818623296988779	0.5585306067572835	0.5499987938159778	0.8492002613593547	0.5931739653276353	0.8818623296988779	0.5322233619740528	0.5132155535870435	0.38127222645327	0.5355179812209201	0.5490319626614377	0.5322233619740528
hadoop-hdfs	4	0.558944386387908	0.5397902284596515	0.44044441145139057	0.5618670200363828	0.5748082356723796	0.5589114231012275	0.8918620973385798	0.5853930606808275	0.5762181919358025	0.8609193034232974	0.6193344145257893	0.8918620973385798	0.5606420056392792	0.5425235869628704	0.44228596485860705	0.563542816090292	0.5769874131689937	0.5606420056392792	0.5296096614636358	0.511425436755777	0.38014511189397904	0.5343669982560533	0.5469041716278092	0.5299809498312956	0.8818623296988779	0.5585306067572835	0.5499987938159778	0.8492002613593547	0.5931739653276353	0.8818623296988779	0.5322233619740528	0.5132155535870435	0.38127222645327	0.5355179812209201	0.5490319626614377	0.5322233619740528
hadoop-hdfs	5	0.5590926067916423	0.5412834022891138	0.4409906681069621	0.562218210401492	0.5752688051760381	0.5579505239128725	0.8918620973385798	0.5853930606808275	0.5762181919358025	0.8609193034232974	0.6193344145257893	0.8918620973385798	0.5606420056392792	0.5425235869628704	0.44228596485860705	0.563542816090292	0.5769874131689937	0.5606420056392792	0.5299666726024568	0.5114968221207107	0.3794002382633646	0.5334847000620971	0.5472910468819726	0.5302164433520808	0.8818623296988779	0.5585306067572835	0.5499987938159778	0.8492002613593547	0.5931739653276353	0.8818623296988779	0.5322233619740528	0.5132155535870435	0.38127222645327	0.5355179812209201	0.5490319626614377	0.5322233619740528
hadoop-hdfs	6	0.5588314729508994	0.5405144091344385	0.43973246215364165	0.5614413195142278	0.5752303755623396	0.5585572354003037	0.8918620973385798	0.5853930606808275	0.5762181919358025	0.8609193034232974	0.6193344145257893	0.8918620973385798	0.5606420056392792	0.5425235869628704	0.44228596485860705	0.563542816090292	0.5769874131689937	0.5606420056392792	0.530306067960839	0.5112702908905902	0.37977347448170434	0.5337128429415408	0.5476904974121825	0.529677277762992	0.8818623296988779	0.5585306067572835	0.5499987938159778	0.8492002613593547	0.5931739653276353	0.8818623296988779	0.5322233619740528	0.5132155535870435	0.38127222645327	0.5355179812209201	0.5490319626614377	0.5322233619740528
hadoop-hdfs	7	0.5588535264889306	0.5407402508420933	0.4398347886980889	0.5626192447480579	0.5747552864693501	0.5589334876616371	0.8918620973385798	0.5853930606808275	0.5762181919358025	0.8609193034232974	0.6193344145257893	0.8918620973385798	0.5606420056392792	0.5425235869628704	0.44228596485860705	0.563542816090292	0.5769874131689937	0.5606420056392792	0.530439156314445	0.5114247696694701	0.37944559314850224	0.5327503637544417	0.5470705918995091	0.5306246838087598	0.8818623296988779	0.5585306067572835	0.5499987938159778	0.8492002613593547	0.5931739653276353	0.8818623296988779	0.5322233619740528	0.5132155535870435	0.38127222645327	0.5355179812209201	0.5490319626614377	0.5322233619740528
hadoop-hdfs	8	0.5593358189228983	0.5402596986176298	0.44070657275328073	0.5616525290275233	0.5747667401138195	0.5587692173659616	0.8918620973385798	0.5853930606808275	0.5762181919358025	0.8609193034232974	0.6193344145257893	0.8918620973385798	0.5606420056392792	0.5425235869628704	0.44228596485860705	0.563542816090292	0.5769874131689937	0.5606420056392792	0.5303477198671297	0.5106868573187616	0.3787082420121343	0.5330557807559915	0.5475328456512409	0.530384464106805	0.8818623296988779	0.5585306067572835	0.5499987938159778	0.8492002613593547	0.5931739653276353	0.8818623296988779	0.5322233619740528	0.5132155535870435	0.38127222645327	0.5355179812209201	0.5490319626614377	0.5322233619740528
hadoop-hdfs	9	0.558341908568904	0.5403939699696132	0.4406707826180567	0.5619167250073877	0.5756549444430498	0.559272806203738	0.8918620973385798	0.5853930606808275	0.5762181919358025	0.8609193034232974	0.6193344145257893	0.8918620973385798	0.5606420056392792	0.5425235869628704	0.44228596485860705	0.563542816090292	0.5769874131689937	0.5606420056392792	0.5313765940321433	0.511283769690454	0.3788689147007891	0.5332917176485208	0.5473426893184958	0.5300874992692287	0.8818623296988779	0.5585306067572835	0.5499987938159778	0.8492002613593547	0.5931739653276353	0.8818623296988779	0.5322233619740528	0.5132155535870435	0.38127222645327	0.5355179812209201	0.5490319626614377	0.5322233619740528
hbase-server	0	0.935171834283954	0.9141701982567758	0.8295699799413425	0.9352013112561923	0.9395511201785449	0.9351767162543695	0.9909192976223068	0.972818507473507	0.9751598917897997	0.990914541760733	0.9788847395061594	0.9909192976223068	0.9351808687085322	0.9141774659158102	0.8295744064042666	0.9352056659599756	0.9395627481065916	0.9351808687085322	0.9220528556433666	0.8913558444782671	0.8071944102360167	0.9219870605228054	0.9245970670044185	0.9220617596172126	0.9908813582770112	0.9720313435962136	0.9745898149125773	0.9908717448650425	0.9783956809582806	0.9908813582770112	0.9220732595696559	0.8913628703699332	0.8072077260690065	0.9219941432084016	0.9246056938691597	0.9220732595696559
hbase-server	1	0.9351782449671812	0.9141641540860979	0.8295701448915596	0.9351850299100147	0.9395539532360393	0.9351783064763698	0.9909192976223068	0.972818507473507	0.9751598917897997	0.990914541760733	0.9788847395061594	0.9909192976223068	0.9351808687085322	0.9141774659158102	0.8295744064042666	0.9352056659599756	0.9395627481065916	0.9351808687085322	0.9220616557929345	0.8913557215354807	0.8072007672170798	0.9219899153536301	0.9245986110545642	0.9220601099132137	0.9908813582770112	0.9720313435962136	0.9745898149125773	0.9908717448650425	0.9783956809582806	0.9908813582770112	0.9220732595696559	0.8913628703699332	0.8072077260690065	0.9219941432084016	0.9246056938691597	0.9220732595696559
hbase-server	2	0.935178180064896	0.9141685912146568	0.8295629049505295	0.9351894967505885	0.9395512046657455	0.9351718976656674	0.9909192976223068	0.972818507473507	0.9751598917897997	0.990914541760733	0.9788847395061594	0.9909192976223068	0.9351808687085322	0.9141774659158102	0.8295744064042666	0.9352056659599756	0.9395627481065916	0.9351808687085322	0.9220707148382763	0.891358575767807	0.8071988578331402	0.9219810591623518	0.9246014944960268	0.9220689626960007	0.9908813582770112	0.9720313435962136	0.9745898149125773	0.9908717448650425	0.9783956809582806	0.9908813582770112	0.9220732595696559	0.8913628703699332	0.8072077260690065	0.9219941432084016	0.9246056938691597	0.9220732595696559
hbase-server	3	0.9351720420599668	0.9141685537382163	0.8295701857944326	0.935201342318005	0.9395556670683841	0.9351695664412711	0.9909192976223068	0.972818507473507	0.9751598917897997	0.990914541760733	0.9788847395061594	0.9909192976223068	0.9351808687085322	0.9141774659158102	0.8295744064042666	0.9352056659599756	0.9395627481065916	0.9351808687085322	0.9220733840132365	0.8913467062647547	0.8071915401694153	0.9219898155358752	0.9245922034555027	0.9220660504690378	0.9908813582770112	0.9720313435962136	0.9745898149125773	0.9908717448650425	0.9783956809582806	0.9908813582770112	0.9220732595696559	0.8913628703699332	0.8072077260690065	0.9219941432084016	0.9246056938691597	0.9220732595696559
hbase-server	4	0.9351718718045506	0.9141661876812974	0.8295628629634207	0.9351968293167053	0.9395628524179939	0.9351737438089015	0.9909192976223068	0.972818507473507	0.9751598917897997	0.990914541760733	0.9788847395061594	0.9909192976223068	0.9351808687085322	0.9141774659158102	0.8295744064042666	0.9352056659599756	0.9395627481065916	0.9351808687085322	0.922060049192296	0.8913538954327113	0.8071942170615027	0.9219855975364555	0.9245943556258462	0.922059911961566	0.9908813582770112	0.9720313435962136	0.9745898149125773	0.9908717448650425	0.9783956809582806	0.9908813582770112	0.9220732595696559	0.8913628703699332	0.8072077260690065	0.9219941432084016	0.9246056938691597	0.9220732595696559
hbase-server	5	0.9351738722822388	0.9141595821717092	0.8295654711221578	0.9351970355343634	0.9395492992802352	0.9351722112996589	0.9909192976223068	0.972818507473507	0.9751598917897997	0.990914541760733	0.9788847395061594	0.9909192976223068	0.9351808687085322	0.9141774659158102	0.8295744064042666	0.9352056659599756	0.9395627481065916	0.9351808687085322	0.9220688991969167	0.8913496255677962	0.8072006450827794	0.9219763197825577	0.9245969251944925	0.9220643576851191	0.9908813582770112	0.9720313435962136	0.9745898149125773	0.9908717448650425	0.9783956809582806	0.9908813582770112	0.9220732595696559	0.8913628703699332	0.8072077260690065	0.9219941432084016	0.9246056938691597	0.9220732595696559
hbase-server	6	0.9351782201243897	0.9141749254785957	0.8295699512584528	0.9351924891323141	0.9395540828750617	0.9351782236687022	0.9909192976223068	0.972818507473507	0.9751598917897997	0.990914541760733	0.9788847395061594	0.9909192976223068	0.9351808687085322	0.9141774659158102	0.8295744064042666	0.9352056659599756	0.9395627481065916	0.9351808687085322	0.9220662961532909	0.8913630235292772	0.8071991007476029	0.9219852051754653	0.9245925088605268	0.9220643804019905	0.9908813582770112	0.9720313435962136	0.9745898149125773	0.9908717448650425	0.9783956809582806	0.9908813582770112	0.9220732595696559	0.8913628703699332	0.8072077260690065	0.9219941432084016	0.9246056938691597	0.9220732595696559
hbase-server	7	0.9351647499989535	0.914165938402881	0.8295699832145614	0.9351987310569453	0.9395601035891531	0.9351717798853361	0.9909192976223068	0.972818507473507	0.9751598917897997	0.990914541760733	0.9788847395061594	0.9909192976223068	0.9351808687085322	0.9141774659158102	0.8295744064042666	0.9352056659599756	0.9395627481065916	0.9351808687085322	0.922064351858574	0.8913584485043209	0.8071961025666103	0.9219853183734471	0.9245966366469213	0.922068867676556	0.9908813582770112	0.9720313435962136	0.9745898149125773	0.9908717448650425	0.9783956809582806	0.9908813582770112	0.9220732595696559	0.8913628703699332	0.8072077260690065	0.9219941432084016	0.9246056938691597	0.9220732595696559
hbase-server	8	0.9351720982740239	0.9141776251291602	0.8295746017781803	0.9351968926022931	0.9395581721617177	0.9351763212629185	0.9909192976223068	0.972818507473507	0.9751598917897997	0.990914541760733	0.9788847395061594	0.9909192976223068	0.9351808687085322	0.9141774659158102	0.8295744064042666	0.9352056659599756	0.9395627481065916	0.9351808687085322	0.9220689712855374	0.8913584100870373	0.8071988588433716	0.9219823762212566	0.9246011927224418	0.9220644560090473	0.9908813582770112	0.9720313435962136	0.9745898149125773	0.9908717448650425	0.9783956809582806	0.9908813582770112	0.9220732595696559	0.8913628703699332	0.8072077260690065	0.9219941432084016	0.9246056938691597	0.9220732595696559
hbase-server	9	0.9351764551337036	0.9141612637141164	0.8295629343466406	0.9352011648639167	0.9395538873859359	0.9351764037151837	0.9909192976223068	0.972818507473507	0.9751598917897997	0.990914541760733	0.9788847395061594	0.9909192976223068	0.9351808687085322	0.9141774659158102	0.8295744064042666	0.9352056659599756	0.9395627481065916	0.9351808687085322	0.9220600505282746	0.8913541058288104	0.8071991849077286	0.9219915852704044	0.9245943179329027	0.9220644184322755	0.9908813582770112	0.9720313435962136	0.9745898149125773	0.9908717448650425	0.9783956809582806	0.9908813582770112	0.9220732595696559	0.8913628703699332	0.8072077260690065	0.9219941432084016	0.9246056938691597	0.9220732595696559
zookeeper-server	0	0.9529450528091462	0.9445745322104947	0.9517554750979008	0.9486165248954657	0.9490297473253986	0.9460598996133495	0.9508212914791144	0.9465550532177575	0.9532126970228171	0.9529749992308335	0.9532126636807526	0.9508212914791144	0.9573230959219696	0.9573230959219696	0.9573230959219696	0.9573230959219696	0.9573230959219696	0.9573230959219696	0.9381141544398995	0.9495045078468414	0.941027144296469	0.9470814707939937	0.9488899501967176	0.9463211661579405	0.9497521508604739	0.9465550532177573	0.957794226203735	0.9554028206600325	0.955729208781957	0.9497521508604739	0.9573230959219696	0.9573230959219696	0.9573230959219696	0.9573230959219696	0.9573230959219696	0.9573230959219696
zookeeper-server	1	0.9471039925628262	0.9464010329564164	0.9475423901908241	0.9561728229569326	0.9531416065593914	0.9543527625431153	0.9508212914791144	0.9465550532177575	0.9532126970228171	0.9529749992308335	0.9532126636807526	0.9508212914791144	0.9573230959219696	0.9573230959219696	0.9573230959219696	0.9573230959219696	0.9573230959219696	0.9573230959219696	0.9525642706083405	0.9581674635716866	0.9474206412820101	0.9403161795440159	0.9516607725390462	0.9501876418108668	0.9497521508604739	0.9465550532177573	0.957794226203735	0.9554028206600325	0.955729208781957	0.9497521508604739	0.9573230959219696	0.9573230959219696	0.9573230959219696	0.9573230959219696	0.9573230959219696	0.9573230959219696
zookeeper-server	2	0.9467400692856023	0.9440279278470203	0.9493253768610614	0.9507365690996886	0.9442825657278726	0.954817482379643	0.9508212914791144	0.9465550532177575	0.9532126970228171	0.9529749992308335	0.9532126636807526	0.9508212914791144	0.9573230959219696	0.9573230959219696	0.9573230959219696	0.9573230959219696	0.9573230959219696	0.9573230959219696	0.9582523044315683	0.951354188215638	0.9484024521668704	0.9542463879053821	0.9462514062849559	0.9434487017032648	0.9497521508604739	0.9465550532177573	0.957794226203735	0.9554028206600325	0.955729208781957	0.9497521508604739	0.9573230959219696	0.9573230959219696	0.9573230959219696	0.9573230959219696	0.9573230959219696	0.9573230959219696
zookeeper-server	3	0.9429260321335203	0.951760901529842	0.9511777541359142	0.933520784628754	0.9564530113009079	0.9534644108056912	0.9508212914791144	0.9465550532177575	0.9532126970228171	0.9529749992308335	0.9532126636807526	0.9508212914791144	0.9573230959219696	0.9573230959219696	0.9573230959219696	0.9573230959219696	0.9573230959219696	0.9573230959219696	0.9431041999532828	0.9448281649799024	0.9448116480367854	0.9503722457696537	0.9503789924251277	0.9560165655659447	0.9497521508604739	0.9465550532177573	0.957794226203735	0.9554028206600325	0.955729208781957	0.9497521508604739	0.9573230959219696	0.9573230959219696	0.9573230959219696	0.9573230959219696	0.9573230959219696	0.9573230959219696
zookeeper-server	4	0.9442440302714352	0.9485864518250597	0.9494386864239115	0.9431493967065671	0.9472781525901702	0.9487133039219791	0.9508212914791144	0.9465550532177575	0.9532126970228171	0.9529749992308335	0.9532126636807526	0.9508212914791144	0.9573230959219696	0.9573230959219696	0.9573230959219696	0.9573230959219696	0.9573230959219696	0.9573230959219696	0.9501387427818836	0.9458880836145203	0.9568689371991166	0.950477072328454	0.9467269926110442	0.951805375047559	0.9497521508604739	0.9465550532177573	0.957794226203735	0.9554028206600325	0.955729208781957	0.9497521508604739	0.9573230959219696	0.9573230959219696	0.9573230959219696	0.9573230959219696	0.9573230959219696	0.9573230959219696
zookeeper-server	5	0.9506659074745639	0.9480644103350453	0.9523416289867908	0.9546428199530735	0.9418118900065517	0.9504690937376647	0.9508212914791144	0.9465550532177575	0.9532126970228171	0.9529749992308335	0.9532126636807526	0.9508212914791144	0.9573230959219696	0.9573230959219696	0.9573230959219696	0.9573230959219696	0.9573230959219696	0.9573230959219696	0.9469436827743972	0.9519540971437025	0.9492327347170907	0.9445503011587536	0.9528910656597934	0.9466858857316993	0.9497521508604739	0.9465550532177573	0.957794226203735	0.9554028206600325	0.955729208781957	0.9497521508604739	0.9573230959219696	0.9573230959219696	0.9573230959219696	0.9573230959219696	0.9573230959219696	0.9573230959219696
zookeeper-server	6	0.9515486499913777	0.9537617854396598	0.9427089230839119	0.954889902840015	0.950072752539074	0.954764012622913	0.9508212914791144	0.9465550532177575	0.9532126970228171	0.9529749992308335	0.9532126636807526	0.9508212914791144	0.9573230959219696	0.9573230959219696	0.9573230959219696	0.9573230959219696	0.9573230959219696	0.9573230959219696	0.9497451329027842	0.9533445818464674	0.9520177673391037	0.9446558759128738	0.9498489944422965	0.9437849112957797	0.9497521508604739	0.9465550532177573	0.957794226203735	0.9554028206600325	0.955729208781957	0.9497521508604739	0.9573230959219696	0.9573230959219696	0.9573230959219696	0.9573230959219696	0.9573230959219696	0.9573230959219696
zookeeper-server	7	0.9493526079798158	0.9545333271076709	0.951904540261818	0.9463355114985686	0.9445316901336718	0.9558090476141862	0.9508212914791144	0.9465550532177575	0.9532126970228171	0.9529749992308335	0.9532126636807526	0.9508212914791144	0.9573230959219696	0.9573230959219696	0.9573230959219696	0.9573230959219696	0.9573230959219696	0.9573230959219696	0.9523794602363035	0.9545649746869087	0.9529884357599354	0.9399708770672274	0.9597804936806429	0.9514914608710433	0.9497521508604739	0.9465550532177573	0.957794226203735	0.9554028206600325	0.955729208781957	0.9497521508604739	0.9573230959219696	0.9573230959219696	0.9573230959219696	0.9573230959219696	0.9573230959219696	0.9573230959219696
zookeeper-server	8	0.9560780422368761	0.9563032576371948	0.9519954802595605	0.95389829262717	0.9498372501945358	0.9497577187463744	0.9508212914791144	0.9465550532177575	0.9532126970228171	0.9529749992308335	0.9532126636807526	0.9508212914791144	0.9573230959219696	0.9573230959219696	0.9573230959219696	0.9573230959219696	0.9573230959219696	0.9573230959219696	0.9464667848548193	0.9505042609618459	0.9512942326381997	0.9480475892363865	0.9489184113861768	0.94611030978912	0.9497521508604739	0.9465550532177573	0.957794226203735	0.9554028206600325	0.955729208781957	0.9497521508604739	0.9573230959219696	0.9573230959219696	0.9573230959219696	0.9573230959219696	0.9573230959219696	0.9573230959219696
zookeeper-server	9	0.9537342704999826	0.947017724632221	0.9487093627105798	0.9394455669315736	0.9368452772359451	0.9483504245198355	0.9508212914791144	0.9465550532177575	0.9532126970228171	0.9529749992308335	0.9532126636807526	0.9508212914791144	0.9573230959219696	0.9573230959219696	0.9573230959219696	0.9573230959219696	0.9573230959219696	0.9573230959219696	0.9450526979204876	0.9528658739638405	0.9495441449156922	0.9369875775746116	0.9459306336128798	0.9481901800673759	0.9497521508604739	0.9465550532177573	0.957794226203735	0.9554028206600325	0.955729208781957	0.9497521508604739	0.9573230959219696	0.9573230959219696	0.9573230959219696	0.9573230959219696	0.9573230959219696	0.9573230959219696
alluxio-core	0	0.42059232347412207	0.4172878962535718	0.40666071716954033	0.4171767503659886	0.4337261710210784	0.42058940713797355	0.5104172347777381	0.5037828221833074	0.4997138414584628	0.510906907980413	0.525689707813608	0.5104172347777381	0.4201838315097426	0.41687940428919235	0.4062201146570388	0.4171767503659886	0.43328508245255215	0.42017799883744544	0.4131007309386951	0.4085203077016486	0.40314367985018373	0.4122511504057893	0.4273548428412002	0.41309927277062075	0.5087924138673318	0.5017526305482497	0.49808318787575934	0.5092781986218086	0.5240609984550035	0.5087924138673318	0.41225115040578925	0.40807970518914705	0.4022945853733027	0.41225115040578925	0.42650526230829444	0.4122453177334921
alluxio-core	1	0.42059232347412207	0.4172878962535718	0.4066286066214183	0.41758281205024433	0.43372033834878126	0.4205864908018249	0.5104172347777381	0.5037828221833074	0.4997138414584628	0.510906907980413	0.525689707813608	0.5104172347777381	0.4201838315097426	0.41687940428919235	0.4062201146570388	0.4171767503659886	0.43328508245255215	0.42017799883744544	0.4126917529182908	0.4085203077016485	0.402735673941829	0.4130978146025465	0.42694586482079594	0.4130953843224227	0.5087924138673318	0.5017526305482497	0.49808318787575934	0.5092781986218086	0.5240609984550035	0.5087924138673318	0.41225115040578925	0.40807970518914705	0.4022945853733027	0.41225115040578925	0.42650526230829444	0.4122453177334921
alluxio-core	2	0.4205869768578497	0.41730008107291156	0.4062147680407664	0.4175852423303681	0.4341341769294332	0.42062297585416986	0.5104172347777381	0.5037828221833074	0.4997138414584628	0.510906907980413	0.525689707813608	0.5104172347777381	0.4201838315097426	0.41687940428919235	0.4062201146570388	0.4171767503659886	0.43328508245255215	0.42017799883744544	0.41225163646181406	0.408079705189147	0.40273567394182896	0.4126596423701688	0.4269463508768207	0.4126864063020184	0.5087924138673318	0.5017526305482497	0.49808318787575934	0.5092781986218086	0.5240609984550035	0.5087924138673318	0.41225115040578925	0.40807970518914705	0.4022945853733027	0.41225115040578925	0.42650526230829444	0.4122453177334921
alluxio-core	3	0.4205869768578497	0.416824966014419	0.4066558566092927	0.41802584484286964	0.43372568496505365	0.4201838315097426	0.5104172347777381	0.5037828221833074	0.4997138414584628	0.510906907980413	0.525689707813608	0.5104172347777381	0.4201838315097426	0.41687940428919235	0.4062201146570388	0.4171767503659886	0.43328508245255215	0.42017799883744544	0.4126373146435175	0.40807727490902324	0.4027030773376822	0.41225115040578925	0.4268593159979006	0.4126815457417708	0.5087924138673318	0.5017526305482497	0.49808318787575934	0.5092781986218086	0.5240609984550035	0.5087924138673318	0.41225115040578925	0.40807970518914705	0.4022945853733027	0.41225115040578925	0.42650526230829444	0.4122453177334921
alluxio-core	4	0.4210304957064998	0.4176740604913	0.40665537055326795	0.4175857283863929	0.4337261710210784	0.4205918374180973	0.5104172347777381	0.5037828221833074	0.4997138414584628	0.510906907980413	0.525689707813608	0.5104172347777381	0.4201838315097426	0.41687940428919235	0.4062201146570388	0.4171767503659886	0.43328508245255215	0.42017799883744544	0.412657212090045	0.4089287996660281	0.40313833323391135	0.41265429575389645	0.4265052623082944	0.41269175291829086	0.5087924138673318	0.5017526305482497	0.49808318787575934	0.5092781986218086	0.5240609984550035	0.5087924138673318	0.41225115040578925	0.40807970518914705	0.4022945853733027	0.41225115040578925	0.42650526230829444	0.4122453177334921
alluxio-core	5	0.42102757937035123	0.41732000680169384	0.4062201146570388	0.41712231209121536	0.43323064417777885	0.4201293932349693	0.5104172347777381	0.5037828221833074	0.4997138414584628	0.510906907980413	0.525689707813608	0.5104172347777381	0.4201838315097426	0.41687940428919235	0.4062201146570388	0.4171767503659886	0.43328508245255215	0.42017799883744544	0.41266012842619354	0.4089263693859042	0.4031441659062085	0.4131002448826702	0.42691132399255005	0.41304580660789697	0.5087924138673318	0.5017526305482497	0.49808318787575934	0.5092781986218086	0.5240609984550035	0.5087924138673318	0.41225115040578925	0.40807970518914705	0.4022945853733027	0.41225115040578925	0.42650526230829444	0.4122453177334921
alluxio-core	6	0.4201760546133464	0.4173200068016939	0.40706677885379605	0.41797140656809634	0.4341346629854579	0.4201760546133464	0.5104172347777381	0.5037828221833074	0.4997138414584628	0.510906907980413	0.525689707813608	0.5104172347777381	0.4201838315097426	0.41687940428919235	0.4062201146570388	0.4171767503659886	0.43328508245255215	0.42017799883744544	0.4122511504057893	0.4089287996660281	0.4027030773376822	0.41310073093869504	0.4265052623082944	0.41265623997799544	0.5087924138673318	0.5017526305482497	0.49808318787575934	0.5092781986218086	0.5240609984550035	0.5087924138673318	0.41225115040578925	0.40807970518914705	0.4022945853733027	0.41225115040578925	0.42650526230829444	0.4122453177334921
alluxio-core	7	0.42053788519934876	0.4173204928577186	0.4066582868894165	0.41802584484286964	0.4336935744169316	0.4206220037421203	0.5104172347777381	0.5037828221833074	0.4997138414584628	0.510906907980413	0.525689707813608	0.5104172347777381	0.4201838315097426	0.41687940428919235	0.4062201146570388	0.4171767503659886	0.43328508245255215	0.42017799883744544	0.41219671213101594	0.4084886832095513	0.4027006470575584	0.4126052040953955	0.4268593159979006	0.4126907808062412	0.5087924138673318	0.5017526305482497	0.49808318787575934	0.5092781986218086	0.5240609984550035	0.5087924138673318	0.41225115040578925	0.40807970518914705	0.4022945853733027	0.41225115040578925	0.42650526230829444	0.4122453177334921
alluxio-core	8	0.42059232347412207	0.4177284987660734	0.4066208297250221	0.4180258448428696	0.43369357441693157	0.4205923234741221	0.5104172347777381	0.5037828221833074	0.4997138414584628	0.510906907980413	0.525689707813608	0.5104172347777381	0.4201838315097426	0.41687940428919235	0.4062201146570388	0.4171767503659886	0.43328508245255215	0.42017799883744544	0.41310073093869504	0.408079705189147	0.40314367985018373	0.41269175291829074	0.4265052623082944	0.41304483449584745	0.5087924138673318	0.5017526305482497	0.49808318787575934	0.5092781986218086	0.5240609984550035	0.5087924138673318	0.41225115040578925	0.40807970518914705	0.4022945853733027	0.41225115040578925	0.42650526230829444	0.4122453177334921
alluxio-core	9	0.4210329259866236	0.41731757652157003	0.4062147680407664	0.41761735287849017	0.43328508245255215	0.42017897094949497	0.5104172347777381	0.5037828221833074	0.4997138414584628	0.510906907980413	0.525689707813608	0.5104172347777381	0.4201838315097426	0.41687940428919235	0.4062201146570388	0.4171767503659886	0.43328508245255215	0.42017799883744544	0.412196712131016	0.40848868320955123	0.40229458537330265	0.4126917529182908	0.4269113239925501	0.41269223897431556	0.5087924138673318	0.5017526305482497	0.49808318787575934	0.5092781986218086	0.5240609984550035	0.5087924138673318	0.41225115040578925	0.40807970518914705	0.4022945853733027	0.41225115040578925	0.42650526230829444	0.4122453177334921
